N,seeds,phi_mean,phi_sd,Q_mean,Q_sd,n_lowQ,p_lowQ,core_ev_mean,halo_ev_mean
8,20.0,0.9991756792555251,0.001317477251042549,1.0268203581857878,0.2915895400901011,20.0,1.0,34588.3,28.55
10,20.0,0.9563995493694343,0.01435592905301687,1.096112037847817,0.42231505667623476,20.0,1.0,41390.15,1887.6
12,20.0,0.6965305750099641,0.042396030716411695,1.4132250336271868,0.9341392799618032,19.0,0.95,36071.9,15723.3
14,20.0,0.42077474046185515,0.025119181959756032,1.7119995913121187,1.4330274741898748,16.0,0.8,25432.4,35012.3
16,20.0,0.27955590637724836,0.020215870809652568,2.695054065456449,1.9614110939513556,10.0,0.5,19275.55,49672.2
18,20.0,0.2053212417782111,0.020371769765092588,2.8079381322728985,2.16293269371814,9.0,0.45,15951.8,61743.0
20,20.0,0.16764667617983517,0.008271965709989847,3.219953036013462,2.070090088902786,9.0,0.45,14442.6,71708.1
22,20.0,0.14710860054608835,0.006292745398641751,3.626553829168224,2.2001303636377143,7.0,0.35,13940.1,80821.35
