N,pairs,d_mean,d_sd,d_p90,d_max
8,190,0.0007816134903557838,0.0004937223658119606,0.0014562440425774298,0.0024188244098548
10,190,0.0005802194590017696,0.000312862957483687,0.0010352378897060198,0.001599842665975
12,190,0.0012759606548800248,0.0007662210714330608,0.0024433473591142798,0.0039133464161269
14,190,0.0012000908092974756,0.0008008209784286254,0.0023070717013550994,0.0042160543949263
16,190,0.001143976838363562,0.0007399146415053354,0.0022739801860636798,0.0031773874833986
18,190,0.0012408977915750218,0.0006992792802355109,0.0021749375192016496,0.0032944141393382
20,190,0.0008568862531799769,0.0005124696676549616,0.00158551101694864,0.0025636588455409
22,190,0.0008115657445150295,0.0006845312959003674,0.0016785407941795297,0.0033472295310822
