N,phi_core_mean_light,phi_core_std_light,Q_clock_mean_light,Q_clock_std_light,core_events_count_mean_light,core_events_count_std_light,halo_events_count_mean_light,halo_events_count_std_light,core_edges_count_mean_light,core_edges_count_std_light,halo_edges_count_mean_light,halo_edges_count_std_light,trace_enabled_mean_light,bins_logged_mean_light,phi_core_mean_heavy,phi_core_std_heavy,Q_clock_mean_heavy,Q_clock_std_heavy,core_events_count_mean_heavy,core_events_count_std_heavy,halo_events_count_mean_heavy,halo_events_count_std_heavy,core_edges_count_mean_heavy,core_edges_count_std_heavy,halo_edges_count_mean_heavy,halo_edges_count_std_heavy,trace_enabled_mean_heavy,bins_logged_mean_heavy
32,0.1746075619981277,0.01825503512458361,6.198233216488392,0.11337399768755693,16100.6,1696.3638465848062,76103.0,1622.2741753476814,17849.8,2146.4334837119923,437253.6,2143.06773108085,0.0,0.0,0.18404407479956197,0.024827456639690795,6.1347295228834975,0.2067213654691086,17008.0,2276.6494020819277,75416.6,2401.280137759857,19049.4,2884.735915122908,436067.2,2880.9105678587107,1.0,20.0
64,0.07474218370455205,0.00020395426630825695,8.81458889721316,0.10927409256792381,13756.0,14.404860290887934,170291.0,492.44187474259263,14251.0,0.0,896886.2,34.84537272007818,0.0,0.0,0.07467835422764166,0.0002703520233734799,8.81649492839874,0.22217587385065934,13729.6,24.76489450815396,170121.2,381.28493282583054,14250.6,0.5477225575051246,896896.8,44.58362928250173,1.0,20.0
128,0.03809048814119567,4.248232841887701e-05,12.244598317433809,0.18525370148308218,13989.6,7.231873892705862,353283.6,486.92689389682016,14250.8,0.44721359549988166,1808946.2,39.524675836748,0.0,0.0,0.03812986265187187,7.724097561731358e-05,12.410701685846632,0.312698571315628,13992.8,12.497999839974565,352985.6,649.4276711074192,14251.0,0.0,1808937.8,26.985181118522956,1.0,20.0
