N,n,pairs,dL2_mean,dL2_sd,dL2_median,dL2_q1,dL2_q3,dL2_min,dL2_max
22,0.8,190,0.0018305374866978126,0.0011451596746469973,0.0016114077647159499,0.0007753657197542,0.0029180638965291,0.0002137654470876,0.0043539931478204
23,0.8,190,0.0015025312773974512,0.0009108396668361763,0.00128621698645035,0.0008196852847807249,0.002062773050924325,0.0001262361647749,0.0039900964676722
24,0.8,190,0.0019142495731498544,0.0013159343771520751,0.00148285153143785,0.0008543797022981751,0.0026973269478908,0.0001610858206316,0.0053693797543951
28,0.8,190,0.0011101013540146694,0.0006716850322487122,0.00102012328550065,0.000571300551406275,0.001501846030039775,8.962214796329279e-05,0.0031985095522968
