N,seeds,phi_mean,phi_sd,p_lowQ,n_lowQ,Q_high_mean,Q_high_sd,Q_mean,Q_sd
22,20,1.0,0.0,0.3,6,5.178166833208448,0.08808620922406585,3.7481159602795038,2.2432121964477085
23,20,1.0,0.0,0.15,3,5.270310063639103,0.1440879083404556,4.540735178554557,1.7920611469663892
24,20,1.0,0.0,0.05,1,5.393477324236543,0.12286514334770118,5.16369252934711,1.0345638523653924
28,20,1.0,0.0,0.0,0,5.822012108401013,0.12998956047517968,5.822012108401013,0.12998956047517968
