N,seeds,phi_mean,phi_sd,p_lowQ,n_lowQ,Q_high_mean,Q_high_sd,Q_mean,Q_sd
28,100,0.2660694933994641,0.027183612131778397,0.03,3,5.811827630380454,0.13965589678630583,5.6525342549995345,0.9210041485719096
