N,seeds,phi_mean,phi_sd,p_lowQ,n_lowQ,Q_high_mean,Q_high_sd,Q_mean,Q_sd
28,100,0.2643686182045785,0.020253761565811688,0.05,5,5.803566309440279,0.12073876289603733,5.5502263407755175,1.1196778129292544
