condition,N,pairs,d_mean,d_sd,d_p90,d_max
n0p9_bins20_wstar030,22,190,0.0008254729130278202,0.0004885206771418986,0.00151650066868434,0.002275245302186
n0p9_bins20_wstar030,23,190,0.0006969764585611586,0.0004083847922655541,0.0012460436513913697,0.0019641708193868
n0p9_bins20_wstar030,24,190,0.0008600766407988215,0.0005602154153340434,0.00165946905081861,0.0026303887515395
n0p9_bins20_wstar030,28,190,0.0007289110037962744,0.0004664051223182293,0.00140907586671818,0.0024133250547296
N28_bins10_100seeds,28,4950,0.0009944605426473953,0.0005863594103657306,0.0017957229861649102,0.0035469511655965
N28_bins20_100seeds,28,4950,0.0010114370989357763,0.0011108205588551319,0.0016482559604790801,0.0085765930490039
