N,base_phi_mean,base_phi_sd,base_p_lowQ,base_n_lowQ,base_Qhi_mean,base_Qhi_sd,bins10_phi_mean,bins10_phi_sd,bins10_p_lowQ,bins10_n_lowQ,bins10_Qhi_mean,bins10_Qhi_sd,n07_phi_mean,n07_phi_sd,n07_p_lowQ,n07_n_lowQ,n07_Qhi_mean,n07_Qhi_sd,w025_phi_mean,w025_phi_sd,w025_p_lowQ,w025_n_lowQ,w025_Qhi_mean,w025_Qhi_sd,w035_phi_mean,w035_phi_sd,w035_p_lowQ,w035_n_lowQ,w035_Qhi_mean,w035_Qhi_sd
22,0.6407686190846819,0.04599370415119468,0.25,5,5.176736249816983,0.09552115362889435,0.6172298704704935,0.051317277303341256,0.25,5,5.156692960913122,0.10411091971854254,0.14606305140411763,0.005161674499602199,0.1,2,5.158926416611028,0.13815940304689428,0.6185006908112255,0.033534448667254774,0.2,4,5.026590744398267,0.34753624124711047,0.6386200301981163,0.03656226386774805,0.15,3,5.1446981985575615,0.16362916487928436
23,0.5235793877139646,0.030697002087935434,0.2,4,5.2738222557964605,0.11358026273915549,0.511108342168679,0.04928353021431015,0.3,6,5.295611269764221,0.11158007349012912,0.13754805066607695,0.005053839676715011,0.25,5,5.326699891485726,0.12315284808017388,0.532115842124125,0.027842009288226534,0.15,3,5.27280773317113,0.12172096103963498,0.5421523517655905,0.04419413901755704,0.1,2,5.208936075665536,0.1117336622767172
24,0.4611916606559535,0.03334430791288653,0.1,2,5.336105422502438,0.13604904608974785,0.4602167157942896,0.03853905468281176,0.1,2,5.371683659204962,0.12677013918494323,0.13212167789600954,0.003828161123323754,0.0,0,5.378778677048901,0.10403483723728868,0.43755136311573317,0.028027743267811944,0.1,2,5.3584660803044555,0.11510949193957967,0.4470772557709557,0.02221562249427009,0.2,4,5.364122700690668,0.13599913770308356
28,0.2635329492219084,0.024575020413600566,0.0,0,5.845916663381408,0.1431279316215386,0.2690852434904466,0.03293433272306526,0.1,2,5.738922597267186,0.10445247211583462,0.11215446014562547,0.00029530289469808575,0.0,0,5.778626796626285,0.1395269284469105,0.27314402303369595,0.017751772175564437,0.0,0,5.798731871539231,0.12612180828306593,0.26008578942970695,0.01928665037161726,0.0,0,5.788715484049253,0.09694352567187713
