condition,22,23,24,28
bins10_n0p8_wstar030,0.6172298704704935,0.511108342168679,0.4602167157942896,0.2690852434904466
n0p7_bins20_wstar030,0.14606305140411763,0.13754805066607695,0.13212167789600954,0.11215446014562547
n0p8_bins20_wstar025,0.6185006908112255,0.532115842124125,0.43755136311573317,0.27314402303369595
n0p8_bins20_wstar035,0.6386200301981163,0.5421523517655905,0.4470772557709557,0.26008578942970695
